ID,Review Date,Category,Title,IMDB Rating,RT Critics Rating,Moistmeter Rating,Genre
1,3/26/2017,Video Games,Mass Effect Andromeda,,,55,N/A
2,4/3/2017,Movies,Ghost in the Shell,6.3,42,70,"Action, Crime, Drama"
3,4/9/2017,Video Games,Persona 5,,,85,"Animation, Action, Adventure"
4,4/15/2017,Video Games,Drawn to Death,,,45,N/A
5,4/17/2017,Video Games,Yooka-Laylee,,,40,N/A
6,4/25/2017,Video Games,Syberia 3,,,50,N/A
7,4/29/2017,Video Games,Outlast 2,,,80,N/A
8,4/30/2017,Movies,Unforgettable,6.8,,,"Crime, Drama, Mystery"
9,5/2/2017,Video Games,Little Nightmares,,,80,Animation
10,5/20/2017,Video Games,The Surge,,,75,Adult
11,5/21/2017,Movies,Alien Covenant,6.4,65,60,"Horror, Sci-Fi, Thriller"
12,6/3/2017,Movies,Wonder Woman,7.3,93,80,"Action, Adventure, Fantasy"
13,6/10/2017,Movies,The Mummy 2017,5.4,15,50,"Action, Adventure, Fantasy"
14,6/28/2017,Movies,Transformers 5,5.2,16,25,"Documentary, Short"
15,7/4/2017,Movies,Baby Driver,7.5,92,88,"Action, Crime, Drama"
16,7/11/2017,Movies,Spider-Man Homecoming,7.4,92,75,"Action, Adventure, Sci-Fi"
17,7/17/2017,Movies,War for the Planet of the Apes,7.4,94,70,"Action, Adventure, Drama"
18,7/20/2017,Movies,Wish Upon,5.1,20,10,"Drama, Fantasy, Horror"
19,7/24/2017,Movies,Valerian,6.4,47,35,Short
20,7/31/2017,Movies,The Emoji Movie,3.4,6,10,"Animation, Adventure, Comedy"
21,8/6/2017,Movies,Atomic Blonde,6.7,79,65,"Action, Thriller"
22,8/9/2017,Movies,The Dark Tower,5.6,15,15,"Action, Adventure, Fantasy"
23,8/13/2017,Movies,Annabelle Creation,6.5,70,60,"Horror, Mystery, Thriller"
24,8/20/2017,Movies,Hitman's Bodyguard,6.9,43,65,"Action, Comedy, Crime"
25,8/26/2017,Movies,Birth of the Dragon,5.7,25,5,"Action, Biography, Drama"
26,8/29/2017,Movies,Death Note Netflix,4.5,36,25,"Crime, Drama, Fantasy"
27,9/10/2017,Movies,IT,7.3,85,80,"Fantasy, Horror"
28,9/16/2017,Video Games,Destiny 2,,,70,"Comedy, Drama, Fantasy"
29,9/19/2017,Movies,Mother!,6.6,68,30,"Drama, Horror, Mystery"
30,9/24/2017,Movies,Kingsman The Golden Circle,6.7,50,75,"Action, Adventure, Comedy"
31,10/1/2017,Movies,American Made,7.1,85,68,"Action, Comedy, Crime"
32,10/2/2017,Video Games,Cuphead,,,90,"Animation, Short, Action"
33,10/7/2017,Movies,Blade Runner 2049,8,88,75,"Action, Drama, Mystery"
34,10/12/2017,Video Games,Shadow of War,,,70,"Documentary, War"
35,10/14/2017,Movies,Happy Death Day,6.6,70,65,"Comedy, Horror, Mystery"
36,10/15/2017,Movies,The Foreigner,7,66,80,"Action, Thriller"
37,10/17/2017,Video Games,Evil Within 2,,,55,"Action, Adventure, Horror"
38,10/22/2017,Movies,The Snowman,5.2,7,20,"Crime, Drama, Mystery"
39,10/28/2017,Movies,Jigsaw,5.7,32,30,"Horror, Mystery, Thriller"
40,10/31/2017,Video Games,Wolfenstein 2,,,80,N/A
41,11/4/2017,Movies,Thor Ragnarok,7.9,93,85,"Action, Adventure, Comedy"
42,11/7/2017,Video Games,CoD WW2,,,65,"Animation, Short, Comedy"
43,11/16/2017,Video Games,Battlefront 2,,,40,N/A
44,11/20/2017,Movies,Justice League,6.1,40,55,"Action, Adventure, Fantasy"
45,12/4/2017,Movies,Hey Arnold Jungle Movie,,,80,N/A
46,12/12/2017,Movies,Disaster Artist,7.3,91,85,"Biography, Comedy, Drama"
47,12/17/2017,Movies,Star Wars The Last Jedi,7.3,91,70,"Short, Action, Fantasy"
48,1/2/2018,Movies,Pitch Perfect 3,5.8,28,25,"Comedy, Music"
49,1/2/2018,Movies,Bright,6.3,26,60,"Action, Fantasy, Thriller"
50,1/7/2018,Movies,Insidious The Last Key,5.7,33,20,"Horror, Mystery, Thriller"
51,1/13/2018,Movies,The Commuter,6.3,55,55,"Action, Mystery, Thriller"
52,1/16/2018,Movies,Paddington 2,7.8,99,90,"Adventure, Comedy, Family"
53,1/31/2018,Movies,Maze Runner The Death Cure,6.3,42,45,"Action, Adventure, Sci-Fi"
54,2/5/2018,Movies,Winchester,5.4,13,15,"Biography, Drama, Fantasy"
55,2/8/2018,Movies,The Cloverfield Paradox,5.5,22,45,"Action, Horror, Sci-Fi"
56,2/14/2018,Movies,Fifty Shades Freed,4.5,11,10,"Drama, Mystery, Romance"
57,2/17/2018,Movies,Black Panther,7.3,96,85,"Action, Adventure, Sci-Fi"
58,2/25/2018,Movies,Annihilation,6.8,88,90,"Adventure, Drama, Horror"
59,3/8/2018,Movies,Red Sparrow,6.6,45,35,"Action, Drama, Thriller"
60,3/11/2018,Movies,Wrinkle in Time,4.3,43,20,"Adventure, Drama, Family"
61,3/22/2018,Movies,Tomb Raider,6.3,52,60,"Action, Adventure, Fantasy"
62,3/24/2018,Movies,Pacific Rim 2,5.6,42,50,"Action, Adventure, Sci-Fi"
63,3/31/2018,Movies,Ready Player One,7.4,72,60,"Action, Adventure, Sci-Fi"
64,4/7/2018,Movies,A Quiet Place,7.5,96,90,"Drama, Horror, Sci-Fi"
65,4/18/2018,Movies,Rampage,6.1,51,65,"Action, Adventure, Sci-Fi"
66,4/19/2018,Movies,Truth or Dare,5.2,15,15,"Horror, Mystery, Thriller"
67,4/22/2018,Movies,I Feel Pretty,5.6,35,20,"Comedy, Romance"
68,4/24/2018,Video Games,God of War,,,85,"Action, Adventure, Drama"
69,4/28/2018,Movies,Avengers: Infinity War,8.4,85,88,"Action, Adventure, Sci-Fi"
70,5/10/2018,Movies,Bad Samaritan,6.4,54,70,"Crime, Horror, Thriller"
71,5/19/2018,Movies,Deadpool 2,7.6,84,80,"Action, Adventure, Comedy"
72,5/26/2018,Movies,Solo: A Star Wars Story,6.9,69,80,"Action, Adventure, Sci-Fi"
73,5/31/2018,Video Games,Detroit: Become Human,,,70,Sci-Fi
74,6/9/2018,Movies,Upgrade,7.5,88,95,"Action, Sci-Fi, Thriller"
75,6/13/2018,Video Games,Jurassic World Evolution,,,60,N/A
76,6/16/2018,Movies,Incredibles 2,7.5,93,90,"Animation, Action, Adventure"
77,6/20/2018,Movies,Hereditary,7.3,90,85,"Drama, Horror, Mystery"
78,6/23/2018,Movies,Jurassic World: Fallen Kingdom,6.1,46,65,"Action, Adventure, Sci-Fi"
79,7/7/2018,Movies,The First Purge,5.2,56,30,"Action, Horror, Sci-Fi"
80,7/10/2018,Movies,Ant-Man and the Wasp,7,87,55,"Action, Adventure, Comedy"
81,7/21/2018,Movies,Unfriended: Dark Web,6,60,20,"Horror, Mystery, Thriller"
82,7/29/2018,Video Games,Gene Rain,,,2,N/A
83,7/31/2018,Movies,Teen Titans GO To the Movies,6.7,91,70,"Family, Comedy"
84,8/4/2018,Movies,Mission Impossible: Fallout,7.7,97,80,"Action, Adventure, Thriller"
85,8/12/2018,Movies,Slender Man,3.3,8,15,"Horror, Mystery, Thriller"
86,8/13/2018,Movies,The Meg,5.7,47,45,"Action, Horror, Sci-Fi"
87,8/25/2018,Movies,Happytime Murders,5.5,23,35,"Action, Comedy, Crime"
88,8/28/2018,Movies,A-X-L,5.3,64,30,"Action, Adventure, Drama"
89,9/1/2018,Other,Eminem - Kamikaze,,,60,N/A
90,9/4/2018,Movies,Searching,7.6,92,90,"Drama, Mystery, Thriller"
91,9/8/2018,Movies,The Nun,5.3,24,25,"Horror, Mystery, Thriller"
92,9/11/2018,Video Games,Marvel's Spider-Man,,,75,Animation
93,9/15/2018,Movies,The Predator,5.3,34,30,"Action, Adventure, Sci-Fi"
94,9/22/2018,Movies,Assassination Nation,6,74,25,"Action, Comedy, Crime"
95,10/1/2018,Movies,Hell Fest,5.5,39,40,"Horror, Thriller"
96,10/6/2018,Movies,Venom,6.6,30,25,"Action, Adventure, Sci-Fi"
97,10/7/2018,TV Shows,Steins;Gate 0,8.4,100,80,"Animation, Drama, Mystery"
98,10/11/2018,TV Shows,My Hero Academia,8.3,100,85,"Animation, Action, Adventure"
99,10/13/2018,Movies,Bad Times at the El Royale,7.1,75,80,"Crime, Drama, Mystery"
100,10/16/2018,Video Games,Black Ops 4,,,85,N/A
101,10/20/2018,Movies,Halloween,7.7,96,80,"Horror, Thriller, Crime"
102,10/21/2018,TV Shows,Attack on Titan,9.1,96,85,"Animation, Action, Adventure"
103,10/28/2018,TV Shows,Overlord,6.6,82,65,"Action, Horror, Sci-Fi"
104,10/30/2018,TV Shows,Castlevania,8.3,94,85,"Animation, Action, Adventure"
105,11/1/2018,Video Games,Red Dead Redemption 2,,,80,Adventure
106,11/5/2018,Movies,Bohemian Rhapsody,7.9,60,55,"Biography, Drama, Music"
107,11/10/2018,Movies,Overlord,6.6,82,70,"Action, Horror, Sci-Fi"
108,11/18/2018,Movies,Fantastic Beasts: Crimes of GrindelWald,6.5,36,40,"Adventure, Family, Fantasy"
109,11/24/2018,Movies,Ralph Breaks The Internet,7,88,70,"Animation, Adventure, Comedy"
110,11/25/2018,Movies,Robin Hood,6.6,44,20,"Action, Adventure, Drama"
111,12/1/2018,Video Games,Darksiders 3,,,60,N/A
112,12/15/2018,Movies,Spider-Man: Into The Spider-Verse,8.4,97,95,"Animation, Action, Adventure"
113,12/17/2018,Movies,Mortal Engines,6.1,26,30,"Action, Adventure, Fantasy"
114,12/18/2018,Video Games,Smash Ultimate,,,90,N/A
115,12/22/2018,Movies,Aquaman,6.8,65,70,"Action, Adventure, Fantasy"
116,12/23/2018,Movies,Bumblebee,6.7,90,60,"Action, Adventure, Sci-Fi"
117,12/29/2018,Movies,Holmes and Watson,3.9,10,15,"Comedy, Crime, Mystery"
118,12/31/2018,TV Shows,Goblin Slayer,7.4,,65,"Animation, Action, Adventure"
119,1/1/2019,TV Shows,Bandersnatch,7.1,,90,"Drama, Fantasy, Mystery"
120,1/3/2019,TV Shows,Bird Box,6.6,64,70,"Horror, Mystery, Sci-Fi"
121,1/9/2019,Movies,Escape Room,6.4,50,45,"Action, Adventure, Horror"
122,1/15/2019,Movies,Replicas,5.5,9,10,"Action, Drama, Sci-Fi"
123,1/19/2019,Movies,Glass,6.6,37,60,"Drama, Horror, Sci-Fi"
124,1/19/2019,Movies,Dragon Ball Super: Broly,7.7,83,85,"Animation, Action, Adventure"
125,1/31/2019,Video Games,Resident Evil 2 Remake,,,85,"Short, News, Talk-Show"
126,2/2/2019,Video Games,Kingdom Hearts 3,,,70,"Short, Reality-TV"
127,2/9/2019,Video Games,Apex Legends,,,75,"Animation, Short, Sci-Fi"
128,2/10/2019,Movies,LEGO Movie 2,6.5,84,80,"Animation, Action, Adventure"
129,2/12/2019,Movies,The Prodigy,5.9,43,40,"Fantasy, Horror, Mystery"
130,2/14/2019,Movies,Alita: Battle Angel,7.3,61,90,"Action, Adventure, Sci-Fi"
131,2/18/2019,Movies,Happy Death Day 2U,6.2,71,50,"Comedy, Horror, Mystery"
132,2/20/2019,Video Games,Anthem,,,20,Short
133,3/9/2019,Movies,Captain Marvel,6.8,79,65,"Action, Adventure, Sci-Fi"
134,3/11/2019,Video Games,Devil May Cry 5,,,80,N/A
135,3/23/2019,Movies,Us,6.8,93,50,"Horror, Mystery, Thriller"
136,3/25/2019,Video Games,Sekiro: Shadows Die Twice,,,85,N/A
137,4/4/2019,Other,"Billie Eilish - When We All Fall Asleep, Where Do We Go",,,75,N/A
138,4/6/2019,Movies,Shazam,7.9,90,70,"Short, Family"
139,4/6/2019,Movies,Pet Sematary,6.5,56,60,"Fantasy, Horror, Thriller"
140,4/13/2019,Movies,Hellboy,6.8,81,35,"Action, Adventure, Fantasy"
141,4/14/2019,TV Shows,Mob Psycho 100,8.6,,90,"Animation, Action, Comedy"
142,4/16/2019,TV Shows,Game of Thrones Season 1,9,90,85,"Action, Adventure, Drama"
143,4/18/2019,TV Shows,Game of Thrones Season 2,8.7,96,75,"Action, Adventure, Drama"
144,4/21/2019,Movies,The Curse of La Llorona,5.3,28,15,"Horror, Mystery, Thriller"
145,4/22/2019,TV Shows,Game of Thrones Season 3,8.3,96,90,"Action, Adventure, Drama"
146,4/24/2019,TV Shows,Game of Thrones Season 4,9,97,95,"Action, Adventure, Drama"
147,4/26/2019,Video Games,Mortal Kombat 11,,,70,Talk-Show
148,4/27/2019,Movies,Avengers: Endgame,8.4,94,80,"Action, Adventure, Drama"
149,5/4/2019,TV Shows,Game of Thrones Season 5,,,75,"Action, Adventure, Drama"
150,5/11/2019,Movies,Pok√©mon: Detective Pikachu,6.5,68,85,"Action, Adventure, Comedy"
151,5/18/2019,Movies,John Wick: Chapter 3 - Parabellum,7.4,89,95,"Action, Crime, Thriller"
152,5/25/2019,Movies,Aladdin,8,95,65,"Animation, Adventure, Comedy"
153,5/26/2019,Movies,Brightburn,6.1,57,70,"Drama, Horror, Mystery"
154,5/31/2019,Movies,Godzilla: King of the Monsters,6,42,30,"Action, Adventure, Fantasy"
155,6/2/2019,Movies,Ma,5.6,55,20,"Horror, Mystery, Thriller"
156,6/8/2019,Movies,Dark Phoenix,5.7,22,30,"Action, Adventure, Sci-Fi"
157,6/16/2019,Movies,Men In Black: International,5.6,23,25,"Action, Adventure, Comedy"
158,6/22/2019,Movies,Toy Story 4,7.7,97,90,"Animation, Adventure, Comedy"
159,6/24/2019,Movies,Child's Play,6.7,74,70,"Horror, Thriller"
160,6/30/2019,Movies,Annabelle Comes Home,5.9,64,50,"Horror, Mystery, Thriller"
161,7/3/2019,Movies,Spider-Man: Far From Home,7.4,91,90,"Action, Adventure, Comedy"
162,7/4/2019,Movies,Midsommar,7.1,83,25,"Drama, Horror, Mystery"
163,7/9/2019,TV Shows,Stranger Things,8.7,91,90,"Drama, Fantasy, Horror"
164,7/10/2019,TV Shows,One Punch Man,8.7,100,80,"Animation, Action, Comedy"
165,7/15/2019,Movies,Crawl,6.1,84,70,"Action, Adventure, Horror"
166,7/20/2019,Movies,The Lion King,8.5,92,50,"Animation, Adventure, Drama"
167,7/27/2019,Movies,Once Upon A Time In Hollywood,7.6,86,50,Drama
168,8/3/2019,TV Shows,The Boys,8.7,85,90,"Action, Comedy, Crime"
169,8/4/2019,Movies,Hobbs and Shaw,6.5,67,65,"Action, Adventure, Thriller"
170,8/10/2019,Movies,Dora and the Lost City of Gold,6.1,85,50,"Action, Adventure, Comedy"
171,8/10/2019,Movies,Scary Stories to Tell in the Dark,6.2,78,80,"Adventure, Horror, Mystery"
172,8/16/2019,Movies,The Angry Birds Movie 2,6.4,72,55,"Animation, Action, Adventure"
173,8/18/2019,Movies,Invader ZIM: Enter the Florpus,7.4,100,90,"Animation, Action, Adventure"
174,8/22/2019,Video Games,Remnant: From the Ashes,,,75,N/A
175,8/23/2019,Movies,Ready Or Not,6.9,89,70,"Action, Comedy, Horror"
176,9/7/2019,Movies,It Chapter Two,6.5,62,80,"Drama, Fantasy, Horror"
177,9/17/2019,Video Games,Borderlands 3,,,80,N/A
178,9/20/2019,Movies,Rambo: Last Blood,6.1,26,65,"Action, Crime, Thriller"
179,9/27/2019,Video Games,The Surge 2,,,80,"Documentary, Short"
180,9/28/2019,TV Shows,Demon Slayer,8.6,,90,"Horror, Comedy"
181,10/2/2019,Video Games,Code Vein,,,70,N/A
182,10/5/2019,Movies,Joker,8.4,69,95,"Crime, Drama, Thriller"
183,10/12/2019,Movies,El Camino,7.3,91,65,Drama
184,10/13/2019,Movies,Gemini Man,5.7,27,40,"Action, Sci-Fi, Thriller"
185,10/18/2019,Movies,Zombieland: Double Tap,6.7,68,60,N/A
186,10/19/2019,Movies,Maleficent: Mistress of Evil,6.6,39,70,"Adventure, Drama, Family"
187,10/28/2019,Video Games,Modern Warfare,,,70,"Short, Comedy"
188,11/2/2019,Movies,Terminator: Dark Fate,6.2,70,80,"Action, Adventure, Sci-Fi"
189,11/6/2019,Video Games,Luigi's Mansion 3,,,90,Family
190,11/9/2019,Movies,Parasite,8.5,99,95,"Drama, Thriller"
191,11/15/2019,Video Games,Death Stranding,,,60,"Crime, Drama"
192,11/19/2019,Video Games,Star Wars Jedi: Fallen Order,,,85,Documentary
193,11/22/2019,Video Games,Pokemon Sword and Shield,,,50,N/A
194,11/25/2019,Movies,Frozen 2,8.5,77,70,"Documentary, Family"
195,12/2/2019,Movies,Knives Out,7.9,97,90,"Comedy, Crime, Drama"
196,12/17/2019,TV Shows,Dr. Stone,8.1,,90,"Animation, Action, Adventure"
197,12/21/2019,Movies,Star Wars: The Rise of Skywalker,6.4,51,40,"Short, Action, Music"
198,12/29/2019,TV Shows,The Mandalorian,8.6,90,80,"Action, Adventure, Fantasy"
199,1/2/2020,TV Shows,Vinland Saga,8.8,100,90,"Animation, Action, Adventure"
200,1/12/2020,Movies,1917,8.2,88,90,"Action, Drama, History"
201,1/19/2020,Movies,Bad Boys for Life,6.5,75,60,"Action, Comedy, Crime"
202,1/21/2020,Video Games,Dragon Ball Z: Kakarot,,,65,N/A
203,1/26/2020,Movies,The Gentlemen,7.8,75,85,"Action, Crime"
204,2/9/2020,Movies,Birds of Prey,6.1,79,70,"Action, Comedy, Crime"
205,2/15/2020,Movies,Sonic the Hedgehog,6.5,64,60,"Action, Adventure, Comedy"
206,2/28/2020,Movies,My Hero Academia: Heroes Rising,7.8,90,85,"Animation, Adventure, Comedy"
207,3/1/2020,Movies,The Invisible Man,7.1,92,85,"Drama, Horror, Mystery"
208,3/7/2020,Movies,Onward,7.4,88,85,"Animation, Adventure, Comedy"
209,3/16/2020,Movies,The Hunt,8.3,92,65,Drama
210,3/18/2020,Video Games,Nioh 2,,,90,N/A
211,3/24/2020,Video Games,Doom Eternal,,,95,N/A
212,3/26/2020,Video Games,Animal Crossing: New Horizons,,,90,"Animation, Short"
213,4/3/2020,TV Shows,Tiger King,7.5,84,90,"Documentary, Biography, Crime"
214,4/4/2020,Video Games,Resident Evil 3 Remake,,,65,N/A
215,4/13/2020,Video Games,Final Fantasy 7 Remake,,,85,N/A
216,4/25/2020,Video Games,Valorant Beta,,,,N/A
217,4/30/2020,TV Shows,Black Clover,8.2,,80,"Animation, Action, Adventure"
218,5/2/2020,Movies,Extraction,6.8,67,75,"Action, Crime, Thriller"
219,5/16/2020,Movies,Scoob!,5.6,48,70,"Animation, Adventure, Comedy"
220,5/30/2020,Video Games,Minecraft Dungeons,,,70,Comedy
221,5/31/2020,Movies,Love Birds,6,66,65,"Comedy, Romance"
222,6/17/2020,Movies,The King of Staten Island,7.1,76,85,"Comedy, Drama"
223,6/22/2020,Video Games,The Last of Us 2,,,55,Action
224,6/26/2020,Video Games,SpongeBob SquarePants: Battle for Bikini Bottom - Rehydrated,,,80,Comedy
225,6/29/2020,TV Shows,Tower of God,7.6,,90,"Animation, Action, Adventure"
226,7/10/2020,Video Games,Hyper Scape,,,80,N/A
227,7/12/2020,Movies,Hamilton,8.3,98,85,"Biography, Drama, History"
228,7/21/2020,Video Games,Ghost of Tsushima,,,85,N/A
229,8/4/2020,Video Games,Destroy All Humans Remake,,,80,N/A
230,8/9/2020,Video Games,Fall Guys,,,90,"Comedy, Crime"
231,8/15/2020,TV Shows,Umbrella Academy,7.9,78,80,"Action, Adventure, Comedy"
232,8/19/2020,Video Games,Fast & Furious Crossroads,,,10,N/A
233,8/20/2020,Video Games,Risk of Rain 2,,,95,N/A
234,8/27/2020,Video Games,PGA Tour 2K21,,,80,N/A
235,9/5/2020,Video Games,Marvel's Avengers,,,65,"Short, Action"
236,9/10/2020,Movies,Mulan,7.7,86,35,"Animation, Adventure, Comedy"
237,9/22/2020,Movies,The Devil All The Time,7.1,65,80,"Crime, Drama, Thriller"
238,9/23/2020,Video Games,Hades,,,90,"Short, Horror, Romance"
239,9/29/2020,TV Shows,The God of Highschool,7.2,,80,"Animation, Adventure, Comedy"
240,10/4/2020,TV Shows,Re:Zero,8,,95,"Animation, Adventure, Drama"
241,10/13/2020,TV Shows,The Boys Season 2,8.6,97,90,"Action, Comedy, Crime"
242,10/25/2020,Video Games,Amnesia: Rebirth,,,60,N/A
243,10/31/2020,Video Games,Watch Dogs: Legion,,,40,"Short, Talk-Show"
244,11/1/2020,Video Games,Ghostrunner,,,90,N/A
245,11/13/2020,Other,Xbox Series X,,,80,"Short, Documentary"
246,11/14/2020,Other,PlayStation 5,,,90,"Short, News"
247,11/15/2020,Video Games,Demon's Souls Remake,,,90,N/A
248,11/17/2020,Video Games,Spider-Man: Miles Morales,,,70,N/A
249,11/19/2020,Video Games,Call of Duty Black Ops Cold War,,,70,N/A
250,11/21/2020,Video Games,Bugsnax,,,85,N/A
251,11/30/2020,Video Games,Yakuza: Like A Dragon,,,90,"Action, Crime, Drama"
252,12/14/2020,Video Games,Cyberpunk 2077,,,70,"Short, Action"
253,12/21/2020,TV Shows,The Mandalorian Season 2,9.1,93,90,"Action, Adventure, Fantasy"
254,12/27/2020,Movies,Wonder Woman 1984,5.4,57,40,"Action, Adventure, Fantasy"
255,1/25/2021,Video Games,Hitman 3,,,80,"Short, Sci-Fi"
256,2/1/2021,Movies,Soul,8,95,85,"Animation, Adventure, Comedy"
257,2/13/2021,TV Shows,The Promised Neverland,8.2,,70,"Animation, Action, Adventure"
258,2/15/2021,Video Games,Little Nightmares 2,,,90,N/A
259,2/21/2021,Movies,Willy's Wonderland,5.5,61,60,"Action, Comedy, Horror"
260,2/28/2021,TV Shows,Jujutsu Kaisen,8.6,,90,"Animation, Action, Adventure"
261,3/10/2021,TV Shows,WandaVision,7.9,92,70,"Action, Comedy, Drama"
262,3/20/2021,Movies,Justice League Snyder Cut,7.9,71,85,"Action, Adventure, Fantasy"
263,3/29/2021,TV Shows,Re:Zero Season 2,8.4,,95,N/A
264,3/31/2021,TV Shows,Attack on Titan Final Season,8.8,100,90,Animation
265,4/3/2021,Movies,Godzilla vs Kong,7.2,76,85,Short
266,4/5/2021,Video Games,It Takes Two,,,95,"Comedy, Family, Romance"
267,4/25/2021,Video Games,Everhood,,,90,Fantasy
268,4/26/2021,Movies,Mortal Kombat,6,55,65,"Action, Adventure, Fantasy"
269,4/27/2021,Movies,Demon Slayer The Movie: Mugen Train,8.2,98,95,"Animation, Action, Adventure"
270,5/2/2021,Video Games,Nier: Replicant,,,90,N/A
271,5/5/2021,TV Shows,Invincible,8.7,99,95,"Animation, Action, Adventure"
272,5/10/2021,Video Games,Resident Evil Village,,,75,Reality-TV
273,5/27/2021,Video Games,Biomutant,,,30,N/A
274,5/30/2021,Movies,A Quiet Place 2,7.2,91,90,"Horror, Sci-fi, Thriller"
275,6/6/2021,Movies,Bo Burnham: Inside,8.6,95,80,"Documentary, Comedy, Drama"
276,6/13/2021,Video Games,Ratchet & Clank: Rift Apart,,,85,N/A
277,6/25/2021,TV Shows,Vivy: Fluorite Eye's Song,8,,90,"Animation, Action, Adventure"
278,6/27/2021,Movies,Fast and Furious 9,5.2,58,50,"Action, Crime, Thriller"
279,7/9/2021,Movies,Black Widow,6.7,79,70,"Action, Adventure, Sci-Fi"
280,7/17/2021,TV Shows,Loki,8.2,92,80,"Action, Adventure, Fantasy"
281,7/18/2021,Movies,Space Jam: A New Legacy,4.5,26,25,"Animation, Adventure, Comedy"
282,7/28/2021,Movies,Old,5.8,50,60,"Drama, Horror, Mystery"
283,8/2/2021,Movies,The Green Knight,6.6,89,80,"Adventure, Drama, Fantasy"
284,8/7/2021,Movies,The Suicide Squad,7.2,90,90,"Action, Adventure, Comedy"
285,8/15/2021,Movies,Free Guy,7.1,80,85,"Action, Adventure, Comedy"
286,8/26/2021,Video Games,Psychonauts 2,,,90,N/A
287,9/7/2021,Movies,Shang-Chi and the Legend of the Ten Rings,7.4,91,85,"Action, Adventure, Fantasy"
288,9/18/2021,Video Games,Deathloop,,,70,"Short, Action, Crime"
289,9/20/2021,TV Shows,Tokyo Revengers,7.8,,85,"Animation, Action, Drama"
290,10/2/2021,Movies,Venom: Let There Be Carnage,5.9,57,60,"Action, Sci-Fi, Thriller"
291,10/6/2021,TV Shows,Squid Game,8,95,80,"Action, Drama, Mystery"
292,10/9/2021,Movies,No Time To Die,7.3,83,85,"Action, Adventure, Thriller"
293,10/19/2021,Movies,Halloween Kills,5.5,39,40,"Action, Drama, Horror"
294,10/23/2021,Movies,Dune,6.3,37,90,"Action, Adventure, Sci-Fi"
295,11/6/2021,Movies,Eternals,6.3,47,60,"Action, Adventure, Fantasy"
296,11/8/2021,Video Games,Call of Duty Vanguard,,,45,N/A
297,11/21/2021,Video Games,Battlefield 2042,,,65,"Short, Action"
298,11/22/2021,TV Shows,Arcane,9,100,95,"Animation, Action, Adventure"
299,12/7/2021,Video Games,Halo Infinite,,,80,N/A
300,12/18/2021,Movies,Spider-Man: No Way Home,8.2,93,90,"Action, Adventure, Fantasy"
301,2/1/2022,Video Games,Pokemon Legends: Arceus,,,60,N/A
302,2/6/2022,Movies,Jackass Forever,6.8,85,85,"Documentary, Action, Comedy"
303,2/7/2022,Video Games,Dying Light 2,,,65,N/A
304,2/11/2022,Video Games,Sifu,,,90,N/A
305,2/16/2022,TV Shows,Demon Slayer Season 2,8.7,,95,"Animation, Action, Adventure"
306,2/19/2022,Movies,Uncharted,6.3,40,60,"Action, Adventure"
307,2/28/2022,Video Games,Elden Ring,,,95,N/A
308,3/5/2022,Movies,The Batman,7.8,85,80,"Action, Crime, Drama"
309,4/2/2022,Movies,Morbius,5.1,15,15,"Action, Adventure, Horror"
310,4/5/2022,TV Shows,Attack on Titan Final Season Part 2,8.8,100,95,"Animation, Action, Adventure"
311,4/10/2022,Movies,Sonic the Hedgehog 2,6.5,68,75,"Action, Adventure, Comedy"
312,5/7/2022,Movies,Doctor Strange in the Multiverse of Madness,6.9,74,80,"Action, Adventure, Fantasy"
313,5/31/2022,TV Shows,Stranger Things Final Season,8.7,86,90,"Drama, Fantasy, Horror"
314,6/11/2022,Movies,Jurassic World Dominion,5.6,29,40,"Action, Adventure, Sci-Fi"
315,6/24/2022,TV Shows,Obi-Wan Kenobi,7.1,82,50,"Action, Adventure, Sci-Fi"
316,7/8/2022,Movies,Thor: Love and Thunder,6.2,63,65,"Action, Adventure, Comedy"
317,7/9/2022,TV Shows,The Boys Season 3,8.6,98,90,"Action, Comedy, Crime"
318,8/17/2022,TV Shows,Better Call Saul,9,98,95,"Crime, Drama"
319,8/26/2022,Video Games,Saints Row,,,25,Fantasy
320,9/4/2022,Video Games,The Last of Us Part 1 Remake,,,70,N/A
321,9/14/2022,TV Shows,Cyberpunk Edgerunners,8.3,100,90,"Animation, Action, Adventure"
322,10/2/2022,Movies,Smile,6.5,79,80,"Horror, Mystery, Thriller"
323,10/16/2022,Movies,Halloween Ends,5,40,25,"Drama, Horror, Mystery"
324,10/23/2022,Movies,Black Adam,6.2,39,70,"Action, Adventure, Fantasy"
325,10/26/2022,TV Shows,House of the Dragon,8.4,87,80,"Action, Adventure, Drama"
326,10/31/2022,Video Games,Call of Duty: Modern Warfare 2,,,75,Action
327,11/10/2022,Video Games,Sonic Frontiers,,,70,N/A
328,11/12/2022,Movies,Black Panther: Wakanda Forever,6.7,84,70,"Action, Adventure, Drama"
329,11/19/2022,Video Games,God of War Ragnarok,,,95,N/A
330,12/5/2022,Video Games,Callisto Protocol,,,60,N/A
331,12/17/2022,Movies,Avatar: Way of Water,7.5,76,80,"Action, Adventure, Fantasy"
332,12/29/2022,TV Shows,Chainsaw Man,8.4,97,90,"Animation, Action, Adventure"
333,1/8/2023,Movies,M3GAN,6.3,93,75,"Horror, Sci-Fi, Thriller"
334,1/28/2023,Video Games,Forspoken,,,45,N/A
335,2/19/2023,Movies,Ant-Man and the Wasp: Quantumania,6.1,46,50,"Action, Adventure, Comedy"
336,3/11/2023,Movies,Scream 6,6.5,76,75,"Horror, Mystery"
337,3/15/2023,TV Shows,The Last of Us Show,8.7,96,90,"Action, Adventure, Drama"
338,3/19/2023,Movies,Shazam: Fury of the Gods,5.9,49,40,"Action, Adventure, Comedy"
339,3/24/2023,Movies,John Wick 4,7.7,94,95,"Action, Crime, Thriller"
340,3/29/2023,Video Games,Resident Evil 4 Remake,,,90,N/A
341,4/6/2023,Movies,Super Mario Bros. Movie,7,59,80,"Animation, Adventure, Comedy"
342,4/22/2023,Movies,Evil Dead Rise,6.5,84,85,Horror
343,4/24/2023,Video Games,Dead Island 2,,,55,"Short, Comedy, Horror"
344,5/2/2023,Video Games,Star Wars Jedi: Survivor,,,70,N/A
345,5/6/2023,Movies,Guardians of the Galaxy 3,7.9,82,80,"Action, Adventure, Comedy"
346,5/18/2023,Video Games,Zelda Tears of the Kingdom,,,90,N/A
347,5/19/2023,Movies,Fast X,5.7,56,70,"Action, Adventure, Crime"
348,6/3/2023,Movies,Spider-Man: Across the Spider-Verse,8.6,95,90,"Animation, Action, Adventure"
349,6/11/2023,Movies,Transformers: Rise of the Beasts,6,52,65,"Action, Adventure, Sci-Fi"
350,6/16/2023,Movies,The Flash,7.5,63,70,"Action, Adventure, Drama"
351,6/19/2023,TV Shows,Demon Slayer Season 3,7.5,,80,"Animation, Action, Adventure"
352,7/4/2023,Movies,Indiana Jones and the Dial of Destiny,6.5,70,60,"Action, Adventure, Sci-Fi"
353,7/11/2023,TV Shows,Hell's Paradise,8.1,,75,"Animation, Action, Adventure"
354,7/14/2023,Movies,Mission Impossible: Dead Reckoning,7.7,96,95,"Action, Adventure, Thriller"
355,7/21/2023,Movies,Barbie,6.8,88,,"Adventure, Comedy, Fantasy"
356,7/23/2023,Movies,Oppenheimer,8.3,93,90,"Biography, Drama, History"
357,8/19/2023,Movies,Blue Beetle,6,77,60,"Action, Adventure, Sci-Fi"
358,10/1/2023,Movies,Saw X,6.6,80,70,"Horror, Mystery, Thriller"
359,10/28/2023,Movies,Five Nights at Freddy's Movie,5.4,32,45,"Horror, Mystery, Thriller"
360,11/10/2023,Movies,The Marvels,5.5,62,25,"Action, Adventure, Fantasy"
361,12/23/2023,Movies,Aquaman 2,5.6,33,35,"Action, Adventure, Fantasy"
362,2/1/2024,Video Games,Suicide Squad Kill the Justice League,,,45,N/A
363,2/24/2024,Movies,Netflix Avatar the Last Airbender,7.2,61,50,"Action, Adventure, Comedy"
364,3/1/2024,Movies,Dune Part 2,8.5,92,95,"Action, Adventure, Drama"
365,3/26/2024,Movies,Roadhouse,6.2,59,75,Drama
366,3/29/2024,Movies,Godzilla x Kong New Empire,6.1,54,70,"Action, Adventure, Fantasy"
367,4/25/2024,TV Shows,Shogun,8.7,99,95,"Adventure, Drama, History"
368,5/11/2024,Movies,Kingdom of the Planet of the Apes,7,80,80,"Action, Adventure, Drama"
